phone_number;first_name;last_name;email;password;street;street_number;zip
292-946-0363;Ulrick;Frankland;ufrankland0@hugedomains.com;5HpVV2O615;Hovde;106;40759
566-499-2899;Wallace;Greensted;wgreensted1@japanpost.jp;dhHeMy6F;Mendota;788;28341
247-777-6642;Nona;Yurkov;nyurkov2@rambler.ru;jHvtxlLO5;Delladonna;29;68263
104-255-3999;Darius;Todman;dtodman3@stumbleupon.com;ucuJ8gDw;Bowman;925;60366
863-773-7182;Olivier;MacLachlan;omaclachlan4@plala.or.jp;fdN9gfTAf;Little Fleur;181;15977
930-849-6334;Ula;Macilhench;umacilhench5@techcrunch.com;DTZ6VG;Farwell;873;15940
964-278-4448;Kayley;Whitwam;kwhitwam6@diigo.com;Pjzkbd676;Barnett;946;83716
886-598-9424;Debbie;Osgardby;dosgardby7@apple.com;BpMh9upAp;Dunning;452;4541
355-710-4593;Hernando;Hardway;hhardway8@youku.com;fBAXEa;Welch;382;78102
277-129-5583;Chelsie;Flintoffe;cflintoffe9@blogger.com;lMsWvTrW;Bartillon;317;59198
286-133-8358;Margie;Lages;mlagesa@fema.gov;8wkV58GWtbJ;Hoffman;42;72070
569-100-2113;Giselle;Maase;gmaaseb@cdc.gov;vx6B9Fx8UZz;Sundown;960;17314
255-429-7245;Spence;Fradgley;sfradgleyc@amazon.co.jp;pOCGsqQl;Chinook;932;76614
908-406-9874;Justis;Solman;jsolmand@soup.io;uqG1sC39;Longview;580;1209
427-897-3898;Briggs;Leppington;bleppingtone@blogspot.com;kEToeHK7afQ6;Becker;162;20386
682-310-5392;Gertruda;Ottiwill;gottiwillf@sciencedirect.com;Uqc9g4SdDeo;Saint Paul;879;54712
846-806-7578;Kacey;McGeachie;kmcgeachieg@home.pl;4rS3PL;Sage;838;58502
725-823-8297;Chris;Hadkins;chadkinsh@alibaba.com;MjT6jj;Quincy;122;34679
506-887-1560;Angel;Rival;arivali@usgs.gov;Gk5ekEdPlryM;Oxford;909;75255
681-957-6577;Valeda;Presnell;vpresnellj@phoca.cz;59yDQLLQ;6th;303;59996
664-773-4993;Letizia;Willoughby;lwilloughbyk@columbia.edu;YKmwc1;Meadow Ridge;452;87613
140-626-3807;Annecorinne;Kubik;akubikl@marriott.com;ymzkk1qf;North;951;8152
255-987-5153;Donnajean;Soper;dsoperm@unc.edu;tTuEHI;Eastwood;105;52220
428-151-6144;Katina;Creeboe;kcreeboen@toplist.cz;VeJu5y;Montana;647;9861
183-148-8977;Silvie;Wawer;swawero@nbcnews.com;E5nlZw;Ronald Regan;744;36726
894-907-6202;Gena;Knights;gknightsp@forbes.com;y03zd1HLWNa;Vernon;498;73361
438-151-0001;Anallese;Withers;awithersq@dropbox.com;3d2hKe4;Dayton;856;22393
642-178-6497;Free;Burry;fburryr@upenn.edu;D2vJTa;Menomonie;227;6034
762-864-6929;Fanny;Maber;fmabers@wikipedia.org;c37qza1;Jackson;934;23333
808-355-7893;Darelle;Fitchell;dfitchellt@fda.gov;mQzGzu7J0g;Corscot;726;80897
779-303-9627;Celestine;Batrick;cbatricku@netlog.com;WzJ3fCIDDRL8;Northport;641;5285
709-243-4953;Diannne;Priestley;dpriestleyv@infoseek.co.jp;NF7YpMe5r;Sommers;706;94969
844-827-5487;Grantley;Fursey;gfurseyw@booking.com;pyFra6Tx;Union;318;90234
617-297-9660;Matthaeus;Bunyan;mbunyanx@friendfeed.com;XqkQKGqcw;Bashford;800;28187
211-362-4602;Purcell;Izhaky;pizhakyy@hp.com;cd817gE;Norway Maple;106;56860
631-304-4839;Candy;Fearnyhough;cfearnyhoughz@youku.com;nS87GMPRom;Delaware;14;36442
536-506-4056;Kin;Jobern;kjobern10@multiply.com;U28tHjJ1bn;Hazelcrest;535;26962
559-658-5506;Ashlin;Strickett;astrickett11@usgs.gov;HUnF12;Valley Edge;68;21178
920-970-8469;Theo;Daunter;tdaunter12@github.io;76OndzUC;Kenwood;508;79857
403-657-0358;Fredric;Koche;fkoche13@globo.com;pWD7qn9vPe9A;Oak Valley;43;66824
686-218-8088;Napoleon;Kwiek;nkwiek14@indiegogo.com;hvceuqZql;1st;796;27319
714-646-6911;Berenice;Delamere;bdelamere15@ustream.tv;IwlpJO;Lyons;636;30381
648-413-8717;Rori;Hundey;rhundey16@senate.gov;B6dBWIXo7;Gina;570;20833
192-215-5999;Sig;Tiley;stiley17@theguardian.com;0sHSN5E;Starling;846;44749
372-925-4620;Lacy;Jamison;ljamison18@blogspot.com;AYiwZ2Uf0Vl;Sheridan;560;3187
596-268-7321;Earlie;Warbey;ewarbey19@hugedomains.com;F9zhXyspPKp;Oriole;487;72050
480-487-3060;Daryn;Niece;dniece1a@zimbio.com;G3L4moNNtUpx;Dovetail;872;37134
307-129-9503;Meredithe;Cars;mcars1b@spotify.com;CLRPzPBz;Manufacturers;272;44214
683-108-8410;Glynda;Smithson;gsmithson1c@uol.com.br;3srU9EVjdN;Center;661;93311
630-971-3786;Lea;Dana;ldana1d@friendfeed.com;ALplTaNZFkFg;Homewood;292;7885
923-996-9420;Elke;Ellingworth;eellingworth1e@studiopress.com;UGkDmCsQhczb;Toban;348;58171
239-579-0862;Nalani;Rounsivall;nrounsivall1f@shutterfly.com;TVXTDPYOZ;North;783;27917
356-176-2748;Octavius;Hessay;ohessay1g@ed.gov;o2FxKa;Hansons;69;27568
983-364-4215;Fancy;Hablot;fhablot1h@blogspot.com;54xP8Y;Delladonna;384;60061
156-355-5550;Barnabas;Braithwaite;bbraithwaite1i@about.me;3T1ZdrUaC;Service;100;57187
444-527-3938;Idelle;Ottawell;iottawell1j@state.gov;OrcUUFq9uM;Morrow;700;48342
901-328-8170;Jaquelin;Jedrzejewicz;jjedrzejewicz1k@gmpg.org;IDRUPq;Kennedy;567;16930
591-346-7893;Ronnica;Brigginshaw;rbrigginshaw1l@domainmarket.com;7WgSGeik;Fremont;495;51029
606-929-9018;Jarvis;Floyd;jfloyd1m@rambler.ru;SQ8ItR;Ridgeview;939;30197
803-582-9008;Felike;Michurin;fmichurin1n@gov.uk;aEai52S;Hintze;597;64022
506-624-6169;Torey;Jobling;tjobling1o@booking.com;r2CvWubKKLY;Spenser;656;45989
590-957-5667;Johnette;Colston;jcolston1p@sogou.com;B0FRLL2bF6;Butternut;428;95875
162-948-5429;Tommie;Francois;tfrancois1q@noaa.gov;KqA6MNELWduV;Stuart;336;32646
911-260-6189;Danika;Marjot;dmarjot1r@home.pl;dd7hDfRBnmc;Hoepker;870;9153
644-389-9879;Luke;Guilbert;lguilbert1s@wikipedia.org;Rc8P43y2;Heath;975;90788
987-992-8930;Sunny;Coward;scoward1t@topsy.com;WE6VaHz81pz;Kipling;193;34604
837-845-4202;Vanessa;Jadczak;vjadczak1u@jiathis.com;tDXes2maUI0;Hudson;770;21895
786-194-7663;Verne;Labat;vlabat1v@msu.edu;pLWJXAB;Superior;176;25888
834-201-5182;Kath;Martinie;kmartinie1w@eventbrite.com;s1SRKw4Z60n;Eagan;433;71189
197-164-3628;Mirabella;Groucutt;mgroucutt1x@arizona.edu;vfpHAe2g;Mccormick;436;82776
695-333-3324;Sarette;Brunroth;sbrunroth1y@reddit.com;7RCYReBHu18;Moulton;380;49121
537-870-2421;Kristian;Orgill;korgill1z@java.com;y1JFn5;Sunbrook;24;13382
636-100-8131;Giacopo;Gianullo;ggianullo20@nyu.edu;dbH2VpD6Re;Ronald Regan;507;66512
912-141-4296;Nettle;Fleischer;nfleischer21@vistaprint.com;55UzuR;Autumn Leaf;455;41352
458-939-3621;Sarene;Pellitt;spellitt22@miitbeian.gov.cn;KuXAUh1o;Fordem;847;31226
961-228-3123;Zeke;Fairbridge;zfairbridge23@cyberchimps.com;kYv0ByLH96Ke;Mcguire;822;96458
182-286-6937;Derrick;Brenard;dbrenard24@flavors.me;o4ssc2koi;Kipling;793;89998
213-990-3585;Roxana;Desaur;rdesaur25@edublogs.org;huQOTW;Michigan;629;17379
366-647-7288;Reg;Caveney;rcaveney26@wix.com;wOMfFWI2yI;Warbler;43;74722
264-505-6361;Joete;Fairpool;jfairpool27@usda.gov;8ThgP7h;Stuart;269;57135
125-515-7229;Emmett;Rabjohn;erabjohn28@surveymonkey.com;7UnPLcnx;Delladonna;672;98356
850-476-9711;Tabb;Strelitz;tstrelitz29@yahoo.com;Q4FptwrSM69F;Schlimgen;584;59016
559-189-3517;Stefanie;Crudgington;scrudgington2a@loc.gov;FUgcwTk7T;Mariners Cove;46;76530
333-348-5031;Kayla;Sawrey;ksawrey2b@jalbum.net;kZ1RKZ;Havey;801;66429
312-744-4531;Kristen;Comiskey;kcomiskey2c@whitehouse.gov;7QAiMJHC;Bayside;922;49309
598-546-6188;Morly;Farfull;mfarfull2d@shinystat.com;ZSZczeW;Sundown;645;66365
354-725-1812;Eve;Tolson;etolson2e@nps.gov;P1WNhS9;Lakewood;570;32468
558-598-1566;Hendrick;Tapenden;htapenden2f@diigo.com;ktrFilQG;Monterey;599;36686
584-223-6414;Avie;Mealiffe;amealiffe2g@amazonaws.com;1S4uoX7DDB;Lakewood Gardens;860;98978
989-535-3415;Hynda;Carmo;hcarmo2h@privacy.gov.au;R8h8yrp;Forest;74;34034
319-685-0414;Jon;Dericot;jdericot2i@bbc.co.uk;wYBXVL5hLfBi;Dennis;968;33032
148-598-6084;Donnamarie;Gooke;dgooke2j@xrea.com;MxPsRohBX;Moulton;305;76181
121-789-5774;Adella;Gatecliffe;agatecliffe2k@mapquest.com;svj8wdp7;Hauk;382;89583
190-701-8976;Quintin;Hanse;qhanse2l@free.fr;Se8akU4LSrg;Myrtle;629;83856
746-982-8862;Adel;Lidster;alidster2m@gmpg.org;SZHUbsjxuM;Ramsey;691;68263
563-427-9806;Rosalind;Ixor;rixor2n@sun.com;sVRgfJ2YUuM;Lakewood Gardens;820;34204
821-378-9996;Kelila;Miller;kmiller2o@newyorker.com;sUNS5II;Luster;596;27462
811-620-8433;Rafaello;Lyptrit;rlyptrit2p@netvibes.com;vKPH7tz6xAv;Chive;347;57587
147-355-5821;Isidoro;Simeon;isimeon2q@sourceforge.net;m7EUH12;Crownhardt;954;54563
137-263-6243;Drucill;Porson;dporson2r@diigo.com;t4KCXrMYw;Westport;872;19179
669-420-7669;Claudius;Delgua;cdelgua2s@biglobe.ne.jp;bpqfGN6w86;Dixon;861;20038
303-103-8858;Rafaello;Crichmere;rcrichmere2t@facebook.com;18n4mzjf0ls;Jenna;937;67956
137-431-2674;Thaddeus;Peaddie;tpeaddie2u@wikia.com;0jrsT7oU7;Becker;697;92997
439-293-4663;Terese;Kuhn;tkuhn2v@about.com;WLYyBfJU;Village;341;57066
567-253-2219;Ernesta;Rainger;erainger2w@blogtalkradio.com;GCLcQNCd;Northwestern;325;96312
779-842-5564;Evvie;McQuarter;emcquarter2x@pinterest.com;Kg3TRN;Eggendart;816;22964
643-318-8604;Kerstin;Rubinowitsch;krubinowitsch2y@desdev.cn;O6cGlIeH;Towne;454;84009
139-147-2859;Tilly;Ciciari;tciciari2z@mashable.com;OPnSDcmlLL;Division;496;35704
853-227-4318;Erinn;Kerslake;ekerslake30@tinypic.com;vnPWZZxZ;Harbort;574;65557
541-528-7540;Marget;Maryet;mmaryet31@pcworld.com;eHWjQqL;Starling;646;44016
146-409-5225;Ailbert;Geering;ageering32@hostgator.com;dIHprHMLoD;Superior;153;85753
804-422-2867;Rodolph;Bark;rbark33@webeden.co.uk;8a3evU8t9;Dexter;136;9367
117-380-4935;Marie-ann;Humphries;mhumphries34@cbslocal.com;YMRQHc;Eagle Crest;508;67175
470-739-5172;Antony;Cunney;acunney35@linkedin.com;BcdAIBOa;Birchwood;187;4376
149-908-5820;Deloris;Nassey;dnassey36@edublogs.org;hgsQQFxl80JM;Bultman;36;84301
987-102-6008;Danyelle;Sheehy;dsheehy37@blogs.com;PRdsV3fR2Z;Columbus;542;36106
881-932-9411;Ashia;Raysdale;araysdale38@fc2.com;Fu1VHlZ;Anniversary;847;85768
910-175-6716;Joice;Schultes;jschultes39@fc2.com;W15hbGp;Toban;889;11227
594-169-5466;Bing;Haldene;bhaldene3a@moonfruit.com;mqhtfZBb;Spohn;271;74420
155-997-6634;Chen;Jobson;cjobson3b@washingtonpost.com;t2ZXgQ;3rd;452;47376
173-563-1171;Amandie;Breed;abreed3c@mac.com;p8KTJwzlmlgT;Kings;207;35946
458-488-1894;Casey;Akast;cakast3d@flickr.com;WNdtQD;Forest Run;498;11913
714-555-6701;Davidson;Cottingham;dcottingham3e@blogger.com;9qSwCgbeg;Macpherson;397;13014
101-277-6489;Laurie;Cavie;lcavie3f@unicef.org;tWSmG3DwNPU;Bobwhite;635;63748
362-760-9550;Camila;Moughtin;cmoughtin3g@sitemeter.com;J0EZIrfb;American Ash;516;7787
696-555-8194;Renata;Koeppe;rkoeppe3h@uol.com.br;Mswu8O;Forest;808;29312
539-389-8435;Goraud;Libbis;glibbis3i@uol.com.br;sDaVmYR0Pcpe;Elgar;175;61697
924-261-6132;Toddie;Panter;tpanter3j@github.com;m3Cux66L;Schiller;832;25868
485-828-9680;Barry;MacKeogh;bmackeogh3k@state.tx.us;qpq8Lc3;Waxwing;236;38371
330-302-8348;Rahal;Care;rcare3l@exblog.jp;uavU3M53;Lakewood Gardens;125;80180
336-842-8721;Dorian;Kinson;dkinson3m@netlog.com;TjoghDCMsF;Elmside;474;39066
236-262-4064;Sukey;Klassman;sklassman3n@thetimes.co.uk;aT6aLmRh;Erie;961;87576
990-309-9176;Casie;Shearman;cshearman3o@harvard.edu;SzkFhP;Dottie;515;86669
499-148-7552;Filbert;Dickings;fdickings3p@yellowpages.com;0vKhRUC;Carberry;640;72648
891-739-6306;Tannie;Bassill;tbassill3q@abc.net.au;EAGucZXazhx;Knutson;355;71231
778-755-2120;Nixie;Mowday;nmowday3r@chicagotribune.com;UwQHPkZUNgY;Buena Vista;999;86268
646-339-7356;Bartel;Robelet;brobelet3s@t-online.de;dRaXGiiDe;Anderson;170;9646
807-504-0607;Rayshell;Lamey;rlamey3t@newsvine.com;HSZM8kuHvoUj;Debs;865;71797
640-446-0346;Lyman;Tabbitt;ltabbitt3u@spotify.com;eKfkeDLHho;Bay;466;81727
333-979-2828;Ashbey;Slevin;aslevin3v@sogou.com;s2dFX7rFC;Scoville;262;9929
502-492-3800;Gawen;Resun;gresun3w@cocolog-nifty.com;8KOrM3Bit;Dahle;276;15978
983-848-2020;Ruthanne;Hethron;rhethron3x@miitbeian.gov.cn;psScqqjzQ;Huxley;948;26143
594-950-8116;Elladine;Buzzing;ebuzzing3y@mit.edu;DxwufGXyzon;Schmedeman;180;64776
151-890-3603;Ellette;Scrowson;escrowson3z@de.vu;pQwk0NdsEBKp;Algoma;723;59259
188-213-7206;Annmaria;Salthouse;asalthouse40@alexa.com;RiRpfPowo9;Sycamore;999;18403
901-690-3965;Irving;Surby;isurby41@fotki.com;2SMjpd5;Menomonie;147;29132
960-543-6635;Eleanore;Voas;evoas42@php.net;OyVgp9y;Kinsman;980;53340
774-249-8198;Annnora;Amos;aamos43@cyberchimps.com;RhDLunmtjQ3;Canary;635;77080
394-201-5412;Rozamond;Banting;rbanting44@nationalgeographic.com;ygNqlEosOLDd;Waubesa;827;44732
811-313-4420;Roseann;Bagnell;rbagnell45@360.cn;TDma0f8q1rMn;Stuart;402;58341
145-834-7422;Renee;Hudspith;rhudspith46@disqus.com;mGNkyW1fv;Rigney;197;17015
938-248-9176;Gus;Monroe;gmonroe47@goo.gl;jMlHUxrN3;Monument;807;71728
277-776-3172;Jeanelle;Gargett;jgargett48@thetimes.co.uk;fz3NiAIiaA;Bartillon;704;80666
674-486-6394;Ellary;Djurkovic;edjurkovic49@soundcloud.com;uRBSiLSQ;Dwight;500;19611
255-220-7560;Estell;Barber;ebarber4a@eepurl.com;ui4CzFuOB;Atwood;575;64730
192-425-6493;Melessa;Murrill;mmurrill4b@mail.ru;KVFDTnLn04;Dexter;125;59189
158-313-4312;Skip;Goudy;sgoudy4c@drupal.org;dIcCYQq;Coolidge;22;96100
947-503-4375;Alphard;Chomiszewski;achomiszewski4d@sohu.com;szUTJgxoQo;Buena Vista;302;89815
169-577-0789;Vina;Seldner;vseldner4e@slideshare.net;CgDbiWapMSn;Cody;667;53850
829-749-3542;Floyd;Shapiro;fshapiro4f@uiuc.edu;xsniymj;Summerview;528;57586
826-560-2790;Zilvia;Banane;zbanane4g@gizmodo.com;YHLjOigbuh42;Eagle Crest;959;32695
230-900-7866;Mirelle;Pardie;mpardie4h@soup.io;c0UIdp63;Orin;903;41066
782-281-4984;Ber;Tidbald;btidbald4i@mlb.com;cbuviPCzuTB6;Hermina;368;1166
505-550-1198;Rianon;Chinnock;rchinnock4j@google.es;cJ1V3e;Declaration;200;94401
353-191-7008;Adoree;Davidge;adavidge4k@yale.edu;tnVPCaLay;John Wall;621;51537
675-746-4248;Petronille;Turfin;pturfin4l@ask.com;sUVasXBM;Dryden;759;52306
900-749-2410;Monroe;Nield;mnield4m@friendfeed.com;gRaXsQUh;Dawn;879;68148
784-254-8246;Roarke;Sherlock;rsherlock4n@weather.com;oCh97Gm;Milwaukee;600;94118
639-396-3706;Faina;Budgeon;fbudgeon4o@lulu.com;2WiOEE;Manitowish;108;52860
862-146-6427;Leigh;Rosgen;lrosgen4p@g.co;Pi1JTC0kEM;Rockefeller;96;74537
702-275-1634;Riccardo;Moores;rmoores4q@blogspot.com;l0VR4REv6S1l;Haas;689;85027
702-214-9929;Trish;Merrisson;tmerrisson4r@yahoo.co.jp;mtFzl7n6i9y;David;18;6460
341-517-4808;Maryjo;Huyton;mhuyton4s@technorati.com;J5urFt;Cascade;145;12821
313-833-9049;Frederich;Oakey;foakey4t@techcrunch.com;gyrJMQkGK0;Morrow;454;42373
374-260-5909;Dorothee;Challiss;dchalliss4u@vkontakte.ru;4EJTVckPF5e;Northport;320;79983
875-175-5106;Jacinta;Bowart;jbowart4v@msn.com;dx698c;Union;359;85937
463-909-3476;Vinny;Keighly;vkeighly4w@flavors.me;O9tPCp;Texas;965;50997
715-359-4169;Rafaelia;Stickens;rstickens4x@washington.edu;zBaS4k;Cottonwood;684;70881
355-102-7131;Ashley;Vooght;avooght4y@whitehouse.gov;lzDkUgWISZJ;Hermina;97;74591
142-952-3083;Elita;Moreton;emoreton4z@oaic.gov.au;oRCI5qBnNg;Summit;886;88245
421-958-0638;Yvor;Bellison;ybellison50@yolasite.com;LgCm8KSp;Heath;845;10731
787-724-0658;Lowell;Dellenbrook;ldellenbrook51@nydailynews.com;4vqQvIMqt;Golden Leaf;364;91020
106-258-7635;Aggi;Henner;ahenner52@miibeian.gov.cn;KTlZjnK;Oak Valley;67;71791
514-698-8762;Damian;Beardsley;dbeardsley53@sciencedaily.com;zrcGpBS8;Pleasure;652;45492
400-714-0922;Walt;Driffe;wdriffe54@netscape.com;HkOhalKh3M0I;Jana;941;91858
917-541-1754;Emlen;Dillon;edillon55@usa.gov;SWQgdG5VCj;Melvin;927;32600
133-928-1810;Thalia;McAless;tmcaless56@behance.net;tKQtIzqI8F5;Montana;265;41396
346-723-5308;Davy;Wyne;dwyne57@creativecommons.org;xKvn26;Crowley;171;47823
287-475-4120;Robby;Churchin;rchurchin58@chron.com;3yWBAkcB;Kingsford;968;12759
120-596-9805;Clarinda;Houseman;chouseman59@redcross.org;oKXtv7;Parkside;800;80900
676-320-0976;Krystal;Ghione;kghione5a@pagesperso-orange.fr;V9MUys;Hollow Ridge;746;52291
114-637-9952;Arlyn;Charlotte;acharlotte5b@huffingtonpost.com;R9g69i;Buhler;900;93729
284-211-9736;Doralynne;Abramsky;dabramsky5c@wikispaces.com;RFPvGxLJQcUM;Stoughton;269;52477
637-342-0299;Edeline;Greig;egreig5d@cornell.edu;QZR4sos;Spaight;779;31705
527-625-4850;Laurette;Giorgini;lgiorgini5e@cam.ac.uk;yT4GskPnP;Vahlen;270;87730
952-364-2585;Leonidas;Avramovich;lavramovich5f@cisco.com;QFxRH2XyIVNz;Melody;82;40034
458-931-9485;Sanderson;Campagne;scampagne5g@flavors.me;PliANJ;Russell;255;73874
360-101-8953;Jon;Novic;jnovic5h@samsung.com;ALAntXnFE5Mr;Fairview;437;94966
361-321-5656;Tabby;Comino;tcomino5i@theglobeandmail.com;2pk6JK3v;Mockingbird;579;27436
830-704-0290;Colleen;Kirton;ckirton5j@who.int;OhhRhcJK;Brickson Park;788;55422
674-197-6995;Alysa;Pearne;apearne5k@constantcontact.com;6pUdjKDQ;Fair Oaks;433;43433
110-233-8896;Rolando;Cutford;rcutford5l@reference.com;Hc8lGFd9jIL;Pine View;175;76305
220-843-8373;Evaleen;Bridgewater;ebridgewater5m@go.com;hj9Jn62;Service;267;12390
602-312-5816;Jillane;Koche;jkoche5n@histats.com;2tsoWBODWO;Morning;120;582
733-666-4194;Janelle;Prandoni;jprandoni5o@symantec.com;7XsazjwKh;Burning Wood;618;40465
216-844-7204;Vale;Hamnet;vhamnet5p@gnu.org;xBDb4fiVvDn;Warrior;604;11251
846-724-4044;Ursa;Slessar;uslessar5q@ftc.gov;dHSwgQv;Anzinger;63;38246
967-342-3383;Enrico;How;ehow5r@lulu.com;SHhcHb;Almo;248;92559
833-582-7784;Stuart;Prendeville;sprendeville5s@vistaprint.com;bGawHP5i;Chinook;902;6010
611-967-0479;Kamila;De Luna;kdeluna5t@123-reg.co.uk;6O60SoDGbHb;8th;914;89174
607-585-9724;Kelli;Redferne;kredferne5u@4shared.com;UwfTGHZ8l;Merry;465;9602
100-833-4784;Toby;Pelham;tpelham5v@boston.com;R1qPly2;Comanche;654;61174
443-291-8446;Claudette;Dumphy;cdumphy5w@mac.com;MwIgFKUQ;Mosinee;887;32710
368-334-6428;Rodger;Wassung;rwassung5x@dmoz.org;gVPUwrm;Hudson;590;12133
190-311-7062;Megan;Seaton;mseaton5y@smugmug.com;CmeIHApHSv;Katie;854;27076
927-900-4088;Dari;Forstall;dforstall5z@w3.org;L75NI2;Hoepker;143;27135
976-670-2569;Keely;McAulay;kmcaulay60@hostgator.com;6BlBDAe;Center;96;94955
847-526-5817;Rik;Roft;rroft61@wordpress.com;c75EA0z;Merrick;769;72623
747-151-2817;Duff;Woodburn;dwoodburn62@theglobeandmail.com;B3pPmR4;Pennsylvania;846;25483
678-103-9398;Edsel;Walton;ewalton63@biglobe.ne.jp;K5xmWHs;Lindbergh;536;37366
682-111-9519;Nona;Perotti;nperotti64@qq.com;WAHjYinxOuB;Anniversary;492;59000
327-833-4661;Nelle;Tolomelli;ntolomelli65@linkedin.com;Pga6qtYtI;Goodland;512;51952
210-696-9335;Juanita;Speariett;jspeariett66@lycos.com;TgOufrMb;Surrey;805;31346
388-676-6093;Rockey;Burdis;rburdis67@theglobeandmail.com;Wbxsmy;Shopko;785;76764
738-744-1674;Artemus;Pierro;apierro68@cafepress.com;oNpDvdTwG;Continental;853;76471
570-242-1565;Alvan;Bernette;abernette69@bandcamp.com;gC2fLrgZwjjy;Spenser;590;52593
587-622-9337;Chrisy;Langston;clangston6a@cargocollective.com;1JK4NFLDR;Fisk;289;12216
846-112-1706;Abeu;Drewet;adrewet6b@vk.com;IUbDEN0euO;Oak Valley;34;61027
539-431-1338;Alexei;Goare;agoare6c@wufoo.com;drLkjEsr;Sunnyside;8;97367
594-111-1609;Zachariah;Sutty;zsutty6d@rediff.com;D6hBBXxUFy6;Homewood;388;89701
917-254-4458;Lauryn;Gleadhell;lgleadhell6e@surveymonkey.com;JKCTAeVnCYKr;Debs;534;59184
165-839-6678;Rocky;L'argent;rlargent6f@vimeo.com;mPZE1DW;Shasta;12;52330
557-691-1001;Traver;Raine;traine6g@yahoo.co.jp;LBLzhBRD;Stephen;866;13659
261-392-3135;Shalne;Aspall;saspall6h@constantcontact.com;VUAsdhi8bF;Superior;915;7885
144-229-6761;Sharron;Shilliday;sshilliday6i@typepad.com;meUsuPhGf;Gina;228;20093
694-794-8364;Cristy;Swinden;cswinden6j@sina.com.cn;IW3Uegvdru;Lakewood Gardens;289;44379
508-503-6826;Briggs;Storrs;bstorrs6k@bing.com;vrmNEbm0v;Clarendon;772;35129
857-268-9912;Sada;Thewys;sthewys6l@google.de;erWTU62Vpt;Stone Corner;375;31089
782-637-2257;Benedicta;Grinval;bgrinval6m@cnet.com;VVDMhND6FsRS;Westend;152;69563
725-781-0228;Guglielmo;Burrill;gburrill6n@netscape.com;8G9GLBs;Sachs;38;18198
241-374-4767;Carla;Pilipyak;cpilipyak6o@cloudflare.com;Q1TIwY;Pine View;268;99134
413-625-0945;Billie;Rand;brand6p@cdc.gov;Kp1kvplMaqx;Eagan;686;82348
665-667-4892;Feodora;Petteford;fpetteford6q@va.gov;iuX6ie;Golf Course;400;48000
356-277-6299;Lilah;Malatalant;lmalatalant6r@mediafire.com;2KVMwY;Sloan;240;58569
334-937-7097;Bradley;Crebott;bcrebott6s@webs.com;47Ski4;Jay;518;26862
516-661-8422;Rey;Cleever;rcleever6t@webnode.com;mRgaWd9vfxel;Fieldstone;21;68041
391-681-6109;Gerome;Sichardt;gsichardt6u@java.com;NgbcCuh3U;Pierstorff;165;43369
354-456-7390;Tabitha;Pote;tpote6v@google.com.au;rWc9sYUinuE;Fordem;823;8976
928-252-9487;Dugald;Cumbers;dcumbers6w@ebay.com;C8hWLtbJggGC;Nevada;163;41029
703-436-2702;Ilyssa;Greep;igreep6x@squarespace.com;wBvqOzTZ;Buena Vista;836;58010
225-460-0402;Gardiner;Rembrandt;grembrandt6y@cnbc.com;LKsKXER;Jenna;302;73791
787-302-0023;Ramona;MacGuffie;rmacguffie6z@wp.com;aTO8ZGEtByg;Nevada;50;50807
651-264-4504;Fairlie;Sincock;fsincock70@last.fm;8fchxFv9rt;Lake View;899;49005
521-580-5208;Collette;M'cowis;cmcowis71@clickbank.net;QmUYVgz1F7H;Spenser;78;27047
503-230-6911;Karlens;Heiner;kheiner72@wiley.com;PpUpg8QAwRK8;Graceland;645;41710
874-231-7487;Buddy;Lathwell;blathwell73@bing.com;TlbK16zf;Bashford;536;23585
958-450-4030;Neale;Arnefield;narnefield74@cafepress.com;F7f4pBUZU;Loeprich;232;36151
942-752-1010;Hirsch;Kimmerling;hkimmerling75@moonfruit.com;xvKxbXT0;Homewood;687;58072
408-174-9153;Cosetta;Larrosa;clarrosa76@msn.com;E1tDFQmv;Thompson;239;78492
150-373-1694;Jamaal;Twigge;jtwigge77@disqus.com;xRlSfN;Debra;663;35046
498-631-4068;Colleen;Full;cfull78@miitbeian.gov.cn;ACamY6F4a;Shopko;532;56270
532-824-5851;Violet;Rafter;vrafter79@smh.com.au;0jgz5WBLZz;Starling;122;33422
443-119-3632;Geoff;Harding;gharding7a@usgs.gov;3Fucbx61sIc;Marcy;364;95332
583-568-9957;Rick;Sessuns;rsessuns7b@pinterest.com;r5tfSqhyx;Meadow Vale;363;83898
865-520-6123;See;Bartolomeotti;sbartolomeotti7c@networkadvertising.org;QPj2zjE3n;Westend;646;28183
290-701-6820;Ricky;Culmer;rculmer7d@biglobe.ne.jp;AsLXVTgN;Claremont;139;16951
570-730-1609;Everard;Gomer;egomer7e@admin.ch;9cTpP4tB;Fair Oaks;784;81217
514-794-0651;Hali;Blain;hblain7f@ebay.co.uk;sp1dtDTQ4Wap;Utah;853;80829
850-938-4656;Madlen;Hastings;mhastings7g@livejournal.com;jPR5vtj;Kim;910;67206
108-857-2906;Dina;Tennet;dtennet7h@constantcontact.com;ZGKSaOX9Z;Merrick;96;94631
273-227-9206;Jarred;Ellse;jellse7i@ibm.com;PCeMXyCu7isg;Scoville;242;38875
774-667-2685;Darin;Scattergood;dscattergood7j@google.co.jp;u4dyfb;Sauthoff;677;63018
406-103-0278;Addison;Leary;aleary7k@deviantart.com;rWmA3dtw;Melvin;951;51751
833-680-7024;Abigale;Buff;abuff7l@barnesandnoble.com;717OPaySl;Kenwood;602;20653
133-574-9271;Alexandra;Wolstenholme;awolstenholme7m@hp.com;IAb9dNAbNM;Westridge;294;93315
905-553-6028;Eleanor;Krelle;ekrelle7n@foxnews.com;spaYBKB4FzT;Merchant;907;6606
826-792-1882;Silvan;Snary;ssnary7o@mac.com;P3VFRNGWckUP;East;637;29830
231-449-7951;Jemima;O'Mara;jomara7p@va.gov;Hl5kx3R3;Florence;20;15829
210-244-1389;Gabriela;Antonacci;gantonacci7q@macromedia.com;oVttKbUs;Sachtjen;657;32904
249-266-8176;Philipa;Cullimore;pcullimore7r@fastcompany.com;lOcqck4U;Vidon;736;85580
656-527-2833;Cymbre;Palfery;cpalfery7s@census.gov;UulRMmlSAg;Rutledge;910;10658
659-510-5642;Berget;Ulyatt;bulyatt7t@usatoday.com;k2t4crYc2tJ;Quincy;860;51695
561-974-9811;Kevan;Clavey;kclavey7u@instagram.com;Ij05a6;Sommers;460;91943
395-923-9255;Carl;MacIntyre;cmacintyre7v@pcworld.com;p6B7sINqjee;Summer Ridge;580;10747
429-843-0893;Hale;Woodsford;hwoodsford7w@mail.ru;Owkp6HuOtjwW;Becker;909;91490
635-883-6078;Saunder;Tenney;stenney7x@loc.gov;pMMm1S4O;Moose;775;34661
849-720-5683;Thane;Bruck;tbruck7y@instagram.com;GHXS2Z5FP;Eggendart;824;80572
437-277-0047;Debbi;Trice;dtrice7z@163.com;YvGAgERm;Fulton;192;71277
932-758-8790;Vanya;Peachment;vpeachment80@goodreads.com;RQWyYxI6UIS;Namekagon;875;6248
680-212-8820;Sigfried;Boness;sboness81@usgs.gov;JrYefA;Ridgeway;540;2230
756-199-6646;Berget;Quin;bquin82@shop-pro.jp;Pgyk0r9i;Esker;593;47525
288-772-3914;Noni;Padson;npadson83@examiner.com;NSL7kFZEg;Fairfield;328;35798
575-454-4646;Agnes;Everall;aeverall84@icio.us;YBuB3HfQdgdE;Grim;766;71651
432-766-5125;Cher;Mulford;cmulford85@princeton.edu;dSstcDNZXz1o;Dexter;250;89306
921-562-8108;Tommie;Benford;tbenford86@technorati.com;GZDJE0;Schlimgen;787;99685
828-975-3585;Archambault;Whitsun;awhitsun87@is.gd;sP0ncs99;Sommers;743;8233
391-203-7900;Alyda;Chippindall;achippindall88@msn.com;NzbwZqeV;Esch;269;27199
649-816-4081;Nicolai;Blanche;nblanche89@rediff.com;mK7CXHG;Glacier Hill;163;97977
290-340-0810;Denys;Peachment;dpeachment8a@biglobe.ne.jp;F05xlRW;Holy Cross;669;90977
337-795-3345;Winna;Fritche;wfritche8b@google.ru;fu252l4;Red Cloud;834;25875
865-261-4837;Hedwiga;Tremathick;htremathick8c@marriott.com;EErQeYK;Clarendon;190;3386
852-705-6363;Kendre;Gilgryst;kgilgryst8d@nbcnews.com;QBT5ddP;Loftsgordon;992;44981
797-352-1870;Dix;de Vaen;ddevaen8e@plala.or.jp;F2jZveOQ;Swallow;514;45007
100-118-4296;Ardelle;Zellner;azellner8f@pen.io;Gi83yZYHiaCh;Springview;914;94635
720-631-3946;Claudina;Swaton;cswaton8g@digg.com;EUMm7Nb;Dahle;984;72094
582-780-2954;Dagny;Ollenbuttel;dollenbuttel8h@microsoft.com;VJt4oU;Fulton;986;31625
758-616-5135;Afton;Jenkison;ajenkison8i@oakley.com;BUktstIKRJ0;Lerdahl;835;88320
934-975-2620;Maryanne;Kingston;mkingston8j@godaddy.com;C63KHtC0;Springview;279;80430
215-734-6182;Nadiya;Meyrick;nmeyrick8k@printfriendly.com;4Qvft3YJzv9j;Lakeland;936;94130
679-599-1013;Odette;Egdal;oegdal8l@yellowpages.com;CVRAwTdIhd;Springview;644;95452
763-310-3271;Dorris;Pedican;dpedican8m@wordpress.org;mcxVTN;Arizona;279;36399
148-930-5518;Sadie;Landrieu;slandrieu8n@ucla.edu;39X2KANDI;Elgar;17;62130
509-470-7466;Powell;Derham;pderham8o@edublogs.org;BjVeowHc8xqY;Duke;347;42652
974-616-1514;Augusta;Abazi;aabazi8p@mapy.cz;z2Z5Mh8Zej8E;Jenna;851;66453
581-800-3939;Sherri;Waistell;swaistell8q@salon.com;kuVSxv;Canary;112;26152
179-892-1027;Arther;Heel;aheel8r@dagondesign.com;KRfECU7AlPt;Browning;384;70767
138-780-4945;Barbra;Francioli;bfrancioli8s@mtv.com;36e5ejJWF1;Lotheville;631;39552
452-494-7862;Rodi;Ditter;rditter8t@blog.com;zZq4B3v7B17;Spaight;977;69107
686-905-1984;Horacio;Smart;hsmart8u@earthlink.net;nW4zu8Du5qP;Basil;584;58518
636-504-2439;Rupert;Askem;raskem8v@cbc.ca;KgCvVaLn;Pennsylvania;553;15105
714-284-2707;Kattie;Nisco;knisco8w@bluehost.com;BD9PpIzR;Helena;866;77478
831-158-7706;Gabrielle;Bradnam;gbradnam8x@cornell.edu;ffyOjWljE;Veith;860;42431
713-635-1472;Jae;McCorrie;jmccorrie8y@de.vu;bmklbEoygW;Elgar;957;89909
406-600-4043;Herminia;Neggrini;hneggrini8z@issuu.com;wA2gX2dIM4;David;40;78039
705-639-1507;Cayla;Gillino;cgillino90@jugem.jp;9FG3ll;Summit;355;38790
329-271-4261;Leilah;Macon;lmacon91@surveymonkey.com;0KjnXzj;Annamark;549;23641
778-180-6799;Elwin;Skeermor;eskeermor92@360.cn;G2DKEV7;Bay;41;40782
407-331-0786;Halimeda;Catling;hcatling93@sphinn.com;dSUz3APq1P;Saint Paul;966;66899
761-212-8701;Monique;Kitchingman;mkitchingman94@pbs.org;YPHHFQQ8P6lp;Fuller;688;16435
270-999-6881;Gerald;Howe;ghowe95@mediafire.com;a7NJEz;Bluestem;625;76075
317-704-5627;Rosmunda;Liff;rliff96@ftc.gov;733LKkW;Morning;319;76395
914-515-1364;Shirley;Barkworth;sbarkworth97@telegraph.co.uk;YITIoK;Warner;101;60130
899-643-1498;Neile;Kloss;nkloss98@google.com.br;PiXVaNKQfL;Oak Valley;520;99726
303-871-2985;Kira;Bwy;kbwy99@cyberchimps.com;MURZp6vVhQHJ;Darwin;124;41226
371-362-8194;Aubrey;Stenning;astenning9a@imdb.com;zJ50vz;Killdeer;754;60845
358-508-1548;Maison;Ayre;mayre9b@ihg.com;ekDNsgK1PBC;Larry;341;94499
357-796-0732;Jodi;De la croix;jdelacroix9c@lycos.com;bwhtcqmbyKDP;Banding;545;3406
518-178-2745;Rori;Bishopp;rbishopp9d@webs.com;QLhHFtvscmv;Mccormick;236;66072
299-196-6783;Bertrand;Shalloe;bshalloe9e@ca.gov;g7RLk6VHa7vP;Oak Valley;688;79397
317-124-8397;Herbert;Fries;hfries9f@addtoany.com;miSWDGi;Melby;945;94225
367-525-3071;Dolph;Sansome;dsansome9g@ucsd.edu;qJfW2gGOd;Elka;848;21432
194-392-1623;Hermione;McQuade;hmcquade9h@japanpost.jp;4vTA4tHB8u;Oriole;850;89803
995-160-0455;Doyle;Kedie;dkedie9i@census.gov;J5PnxxHDGJPc;Kinsman;142;42146
267-114-0147;Quintus;McKelloch;qmckelloch9j@constantcontact.com;QbXrUqas;Elmside;912;39158
939-848-1311;Velma;Lamyman;vlamyman9k@hexun.com;EQrmQt;Armistice;649;82866
560-404-9108;Kristen;Seabrooke;kseabrooke9l@dyndns.org;wWNOVbX7qB;Kim;931;81790
890-408-6245;Ardith;Colebrook;acolebrook9m@phoca.cz;nQx80m;Old Gate;242;99984
454-216-7966;Devan;Cettell;dcettell9n@list-manage.com;1yza49YD;Bartelt;575;1617
943-192-7472;Harlene;Kezor;hkezor9o@ehow.com;z08bjp6;Roth;38;68122
423-150-5822;Northrop;McCafferty;nmccafferty9p@joomla.org;gPdiXZW;Lakewood;616;64790
770-222-5188;Jacquenette;Popeley;jpopeley9q@symantec.com;hBzMBX;Eliot;272;10562
228-477-3729;Aland;Hubbert;ahubbert9r@phoca.cz;qfuq7T;Hintze;719;31278
850-285-9225;Carolyne;Lissett;clissett9s@squarespace.com;isrT9z;Brentwood;590;84733
163-997-8362;Nil;Ilyuchyov;nilyuchyov9t@ucoz.ru;b5IZ2IKvuP6;Hanson;488;8139
396-650-3319;Rubetta;Ahlf;rahlf9u@cloudflare.com;U7yGcJ4CpwRJ;Moose;21;94466
928-360-8574;Samantha;Heino;sheino9v@gizmodo.com;UwpQ9wa;Emmet;815;49881
400-706-4338;Anica;Kempston;akempston9w@scientificamerican.com;t2gzGEvI78S;Mifflin;234;71
550-497-4692;Gregorius;MacArthur;gmacarthur9x@51.la;PhwVbv7rPNUw;Del Mar;243;22065
617-322-7186;Bevvy;Bartolomieu;bbartolomieu9y@webnode.com;nsw610xOXU;Boyd;670;22654
689-151-7052;Ara;Dumbelton;adumbelton9z@dell.com;buL0Ieskl;Loeprich;670;19444
945-903-2970;Babb;Rohan;brohana0@geocities.com;NX2OUO;Spenser;902;51137
913-779-2444;Kara-lynn;Hovenden;khovendena1@blogs.com;TGraa7z0;Hansons;258;71537
177-483-2179;Lisle;Wybrew;lwybrewa2@tiny.cc;9EY5GdrDrdA;Stoughton;882;90060
963-266-6824;Kate;McNiven;kmcnivena3@google.fr;Kid3SnZf;Saint Paul;33;97177
239-469-2467;Bob;Corradini;bcorradinia4@seesaa.net;8NbwxibWUc;Nevada;443;34685
925-408-2699;Gwenni;Rablen;grablena5@oracle.com;ql8VmJcvNR;Steensland;866;46832
385-971-3275;Willamina;Baddeley;wbaddeleya6@4shared.com;IF0sksAi;Dwight;947;10869
509-684-0279;Bernadette;Nowick;bnowicka7@imdb.com;BlEHZymcnd;Lunder;107;42491
660-361-6351;Karel;Wilber;kwilbera8@cpanel.net;b57PzMW10HJr;Jenifer;676;11767
445-986-8942;Griswold;Richemont;grichemonta9@sbwire.com;LuKSod;Dakota;431;83916
849-550-0630;Adair;Bartolommeo;abartolommeoaa@about.me;Kgti2pb;Monterey;85;93955
197-757-7174;Evan;Edington;eedingtonab@bigcartel.com;ucck7s;Maple Wood;796;27112
166-945-9113;Natalee;Whysall;nwhysallac@thetimes.co.uk;CFiJvI7H5Xr;Warner;945;91050
369-247-3827;Kala;Gudde;kguddead@drupal.org;OSzh9t7GHn;Merry;413;96189
468-884-5529;Cordey;Bagg;cbaggae@barnesandnoble.com;0exaCNS5;Lerdahl;658;54410
403-826-8034;Auroora;Desaur;adesauraf@xrea.com;mi9u1cVgsZ;Main;65;85659
295-200-5628;Genevra;Maxsted;gmaxstedag@engadget.com;CpG1hdA1;Browning;356;17654
705-205-1371;Lynsey;Wivell;lwivellah@themeforest.net;iEnNFq5;Cascade;494;58307
544-720-4207;Madonna;McNalley;mmcnalleyai@princeton.edu;4lteWmW7BVjL;Alpine;773;94288
811-943-1049;Melina;Gyngell;mgyngellaj@nih.gov;xj66S4XuOLHC;Kingsford;860;42391
713-750-7155;Mira;Thombleson;mthomblesonak@amazon.de;T2djU3ve1Q;Armistice;123;30042
674-669-0310;Augustine;Millins;amillinsal@scribd.com;JIDE10yl;Browning;46;84537
596-956-5184;Tildie;Forder;tforderam@cafepress.com;yLz8bjm;Hagan;832;38285
647-810-5220;Shaughn;Rosendall;srosendallan@irs.gov;u36LvceZT;2nd;710;4850
173-400-7584;Kathryne;Blofield;kblofieldao@360.cn;2TwRqBvjZtk6;Hoffman;533;70126
283-247-8474;Billy;Harnetty;bharnettyap@businessweek.com;JRvM80T;Dottie;381;3565
702-298-4604;Oralle;Figgs;ofiggsaq@adobe.com;vkwKlws7w;Rockefeller;943;28224
970-130-3569;Kristan;Hedley;khedleyar@paypal.com;xSwagJb2MK4L;Tomscot;575;61651
223-868-2717;Kalil;Gellion;kgellionas@topsy.com;TgGlbHsxJcm9;Michigan;859;37245
532-458-8670;Consuelo;Tripony;ctriponyat@bluehost.com;smD7zS4v;Sunfield;969;39663
159-766-4447;Erek;Queen;equeenau@slideshare.net;rRgj4441;Bluejay;7;300
229-986-5085;Roberto;Wilbor;rwilborav@salon.com;9r6OOgczrF;Debra;106;52688
889-528-7254;Waverley;Shortan;wshortanaw@artisteer.com;bEXIxbZ;Hermina;920;54191
473-450-3484;Marcel;Edgin;medginax@wordpress.com;GB4kB3Wcp0;Lake View;123;65598
517-900-6592;Loleta;De Haven;ldehavenay@nyu.edu;QWEh0l;Northwestern;574;74707
488-228-5962;Margot;Mazzilli;mmazzilliaz@behance.net;JXxoeu0tNc;Butternut;499;18292
596-171-1950;Miner;Sibbe;msibbeb0@imgur.com;078Jjvg;Heath;361;61253
393-686-7353;Alfred;Mattes;amattesb1@pinterest.com;5ArW6BFfv3S;Golf View;227;8968
613-376-1654;Cherida;Hamerton;chamertonb2@webeden.co.uk;oZaRgRwMJ;Loftsgordon;29;34828
954-108-3416;Francklyn;Barkaway;fbarkawayb3@ning.com;wqLdoYCKfvs5;Fuller;33;757
427-717-4795;Jolyn;Meriet;jmerietb4@phpbb.com;fbJ0BJz2;Steensland;414;16915
780-936-3551;Barclay;Kellett;bkellettb5@simplemachines.org;Nul9nqx4V5;Oneill;582;36608
760-710-7298;Lorrie;Attenbrow;lattenbrowb6@google.cn;X7n6zqlg23p;Express;126;48050
168-703-6682;Pace;Drinan;pdrinanb7@adobe.com;lNfqjfVljy;Killdeer;991;11390
666-159-6525;Benyamin;Gristock;bgristockb8@nationalgeographic.com;yx3fu4uRDq1;Prentice;25;27113
399-275-3349;Daffie;Iron;dironb9@wired.com;6G0OT0cs84K;Hoffman;445;1094
352-348-9090;Archaimbaud;Fawthorpe;afawthorpeba@kickstarter.com;zjFcS89I;Columbus;388;3412
666-676-1525;Angeli;Spargo;aspargobb@berkeley.edu;BkO90sfN3c;Chive;709;89630
841-865-4488;Fania;Coe;fcoebc@berkeley.edu;kpg1qJg;Barnett;639;90179
703-577-1744;Hunfredo;Timcke;htimckebd@icq.com;Gc1Eq1N;Forest Dale;448;32271
653-668-0945;Gweneth;MacAskill;gmacaskillbe@cisco.com;WQ4WB1uH;Golf View;386;89652
441-122-7620;Cob;Tantrum;ctantrumbf@geocities.jp;JAyikSTvz4;Westend;203;71474
189-367-5409;Sibelle;Riping;sripingbg@ehow.com;I0VnBvLumNK;Summerview;399;53599
776-826-5030;Esma;Toone;etoonebh@nasa.gov;fJcurJOwSD;Rowland;79;47051
109-103-6602;Tommy;Drynan;tdrynanbi@paypal.com;BZJ5bp;Spaight;426;9571
260-660-4660;Tatiania;Ablett;tablettbj@techcrunch.com;ZnpZKq8;Esch;678;38215
595-496-1798;Mariam;Harlick;mharlickbk@wikipedia.org;n3dQHgwZti;Erie;501;42586
944-780-8112;Eugene;Treverton;etrevertonbl@simplemachines.org;jIwOGU9;Schmedeman;881;20286
460-177-5675;Jennie;Buddington;jbuddingtonbm@facebook.com;zKsTUqiKKtj;Colorado;635;16265
310-571-2422;Dallas;Boorer;dboorerbn@rediff.com;xB2RDjwoe;Manufacturers;134;45509
564-816-7839;Doralin;Cosser;dcosserbo@creativecommons.org;kwpUjkLmL;Dakota;693;77386
862-542-9998;Edlin;Pimbley;epimbleybp@shinystat.com;bz5kY6wsH71n;Esch;797;46047
816-336-3552;Honoria;Biermatowicz;hbiermatowiczbq@state.tx.us;QiP3lSJtf;Buena Vista;27;97604
987-143-9093;Caitlin;Relton;creltonbr@hexun.com;pzyUUl4N;Ludington;161;21627
153-531-2696;Arlan;Barczewski;abarczewskibs@etsy.com;R1NBPPzT9jgI;Memorial;388;35713
329-614-7135;Abner;Van der Beek;avanderbeekbt@behance.net;1i9WzQ;Declaration;718;23097
811-632-9184;Joelynn;Fireman;jfiremanbu@a8.net;lN9jVaYi;Tony;584;33133
542-236-4425;Elfrida;Garraway;egarrawaybv@sina.com.cn;uf308Gq;Dapin;986;6762
535-208-9710;Ellene;Petrello;epetrellobw@creativecommons.org;IFr8GxbFqEpJ;Moose;336;90560
764-236-8015;Lori;Casina;lcasinabx@yandex.ru;PJ6TZofxGJK;Granby;46;41213
345-116-9986;Lebbie;O' Faherty;lofahertyby@nifty.com;GCloWPS;Fremont;429;68737
123-658-0453;Dick;Springthorpe;dspringthorpebz@example.com;tzBg0UYMBTK;Bellgrove;159;96824
834-604-1175;Hailey;Urian;hurianc0@amazon.com;559yBQ;Bunker Hill;789;96992
359-278-5377;Terrie;Olive;tolivec1@bigcartel.com;XVxN9ay;Springs;11;24064
514-930-4230;Wright;Tilliards;wtilliardsc2@rediff.com;lUcSzn9;Reinke;776;67355
589-990-2466;Anne-marie;Sammonds;asammondsc3@abc.net.au;SwiCgzO6ld;Pleasure;496;63880
251-345-4163;Hilario;Aishford;haishfordc4@salon.com;OCsbUeSAE;Lindbergh;680;8263
457-886-0323;Linet;Crossgrove;lcrossgrovec5@slate.com;MrQmXAvNx;Di Loreto;571;12101
573-345-9349;Niles;Devennie;ndevenniec6@t.co;b0XT5BgK;Corry;440;57046
438-154-3702;Hatty;Wagner;hwagnerc7@gmpg.org;0WgG2hBNyz7;1st;264;5636
889-872-4821;Alanson;Woffinden;awoffindenc8@indiegogo.com;tM36kyAo;Moose;378;86475
658-792-9002;Pennie;Von Helmholtz;pvonhelmholtzc9@independent.co.uk;6MjTfxB8xwD;Spaight;143;63428
159-571-5907;Emlyn;Stailey;estaileyca@blogger.com;39JQ5fJ1;Pepper Wood;293;96210
656-201-3519;Sigismondo;Salt;ssaltcb@barnesandnoble.com;OCkcUOTayqk;Commercial;610;21594
117-404-7534;Byron;Dresche;bdreschecc@yahoo.co.jp;dBgDeDz;Pleasure;586;96479
116-789-7897;Hewet;Heaffey;hheaffeycd@google.fr;8V1DMsbfPW;Westport;435;20209
493-669-0466;Diana;Lukianovich;dlukianovichce@qq.com;sEZ12D;Banding;238;64184
528-925-2798;Elbertina;Wasiela;ewasielacf@trellian.com;bKgVNY;Maple;993;70888
982-972-8621;Florance;Grgic;fgrgiccg@unblog.fr;vXWicI;Moland;247;45130
565-295-7146;Elwood;McCaughey;emccaugheych@ezinearticles.com;tBw6FfqIU1w6;Buena Vista;736;21345
786-589-7297;Skell;Maplesden;smaplesdenci@xinhuanet.com;098LWe3kk;Arapahoe;564;63380
862-325-4376;Marcile;Nice;mnicecj@cpanel.net;bwI6jAS;Milwaukee;528;60077
882-786-8594;Dareen;Adolphine;dadolphineck@ovh.net;Wxch48kUyu2F;Upham;121;60208
166-315-3521;Griffie;Lampet;glampetcl@hud.gov;dq7UBks5fH;Darwin;602;96157
158-551-7291;Rolando;Lamke;rlamkecm@is.gd;5AwNdpIY;Village;963;45607
269-145-9713;Hilario;Sympson;hsympsoncn@goo.ne.jp;wahIUsVBj0a6;Bunker Hill;598;12717
340-212-0586;Bertie;Furneaux;bfurneauxco@delicious.com;FLwYv6;Autumn Leaf;15;31600
451-854-2462;Dix;Tallowin;dtallowincp@geocities.com;2KLVs9;Dennis;36;35932
212-235-5707;Stacy;Hatfield;shatfieldcq@behance.net;5S9RYkk;Fairfield;438;74831
825-605-4419;Trula;Wing;twingcr@amazon.co.uk;lDSYNHAYUqMc;Arizona;658;17383
937-900-1346;Eleanor;Ianiello;eianiellocs@icq.com;4tADgn;Oxford;20;50919
988-923-4013;Meggy;Duck;mduckct@forbes.com;1qmvdyxeL;Victoria;927;76125
308-358-6012;Bethany;McGowing;bmcgowingcu@bing.com;Jjt9V8;Dorton;445;1291
704-803-1782;Krystle;Evennett;kevennettcv@delicious.com;kBpJ7gbNW3Y;Bonner;36;93474
716-775-1481;Eldon;Sall;esallcw@businesswire.com;DhbIAVWS2;Huxley;848;26147
304-843-7667;Vivienne;Gerrels;vgerrelscx@wiley.com;LtqiBbwLCtZs;Marquette;375;91866
216-476-0245;Melany;Pettit;mpettitcy@shutterfly.com;IRSDeXs;Waubesa;653;68415
731-659-4618;Idaline;Croysdale;icroysdalecz@tinyurl.com;ThZZQ5JPWPd;Straubel;87;74591
871-912-5505;Lissa;Farndon;lfarndond0@hostgator.com;kCQ2Y5Tc;Sherman;720;35262
402-289-8106;Tommi;Tarbet;ttarbetd1@ibm.com;MAWk3YJ;Monterey;527;3512
394-340-0641;Katrina;Trumble;ktrumbled2@networksolutions.com;HHYQtW;Sugar;59;78469
246-590-1714;Reginald;Lacer;rlacerd3@simplemachines.org;lRhxqvNhX7II;Mesta;663;21106
177-957-5220;Sophie;Clulow;sclulowd4@spiegel.de;SbYWDmB3p;Ohio;99;10942
474-905-9742;Gilles;Rustedge;grustedged5@1und1.de;DHzpisYj9JO;Rigney;477;66138
714-979-9313;Donnie;Clyne;dclyned6@wikipedia.org;iOQhH4OU;Loftsgordon;361;74568
949-577-0224;Frankie;Braitling;fbraitlingd7@walmart.com;nsErD3PB;Sherman;251;18318
782-574-0427;Francklyn;Ettridge;fettridged8@state.gov;Zc78l7Wj3;Hintze;505;12584
244-717-1431;Harriette;Mac Giany;hmacgianyd9@exblog.jp;bgyuId;Kensington;16;66677
852-703-2360;Cati;Insley;cinsleyda@intel.com;xzE8Aq;Morrow;422;6224
828-401-5474;Daffie;Adkin;dadkindb@samsung.com;9nzDzxwwMQe;Talmadge;88;27872
792-750-3314;Neal;Urquhart;nurquhartdc@craigslist.org;noRMCPoD8zs;Almo;452;79504
526-804-6747;Amaleta;Hold;aholddd@vinaora.com;sZJcxhgBd55;5th;312;1771
322-210-1058;Gray;Blair;gblairde@marriott.com;UwA0GCY7zKp;Village Green;87;58078
654-481-4433;Huntington;Bernardet;hbernardetdf@amazon.co.jp;o8NHOCS2kEqX;Hazelcrest;381;14003
724-288-4300;Harrison;Treagus;htreagusdg@pcworld.com;3DkNLr2;4th;262;74926
900-306-0288;Whitney;Atwell;watwelldh@trellian.com;u1B1mtZQ;5th;585;14252
646-162-0537;Evelina;Benasik;ebenasikdi@comsenz.com;m1IuHRCioQ;Stoughton;34;18711
156-276-8813;Westley;Niaves;wniavesdj@soup.io;pVtvkZ;Pawling;161;6445
418-137-8792;Alexander;Acom;aacomdk@ustream.tv;JDIJFyv9W;Roth;578;11975
591-675-0552;Janetta;Glendza;jglendzadl@wsj.com;H5wrKSqW;Di Loreto;163;93801
507-252-4525;Ulric;Botfield;ubotfielddm@php.net;3XPyik0CMf;Anzinger;755;44496
484-649-9171;Wylie;Paddick;wpaddickdn@dot.gov;jluSLs7K7Te;Anthes;41;22243
324-214-5231;Teddy;Dufer;tduferdo@apple.com;n8nmukrHKD9;Kedzie;272;85022
952-881-6333;Aigneis;Gabel;agabeldp@xrea.com;UZYKLl;Dwight;650;93444
427-391-8083;Geoff;Easdon;geasdondq@jugem.jp;ykm3j82;Dayton;390;99738
380-338-6246;Clint;Pabst;cpabstdr@histats.com;UoR275;Jana;313;67937
780-533-6163;Rubie;Male;rmaleds@washington.edu;P06POtEM;Northport;935;19135
623-853-7369;Dannel;Archibould;darchiboulddt@moonfruit.com;Xa3MwUT9;Dovetail;422;25122
595-928-5219;Nona;Tinto;ntintodu@nymag.com;eYEIloV;Dottie;727;83857
104-912-1356;Horace;Easey;heaseydv@va.gov;PHQlMFncP;Center;153;41497
